block,key,icev,bev_grid,bev_mg,bev_mg_rh
scenario,starttime,1.1.2018,1.1.2018,1.1.2018,1.1.2018
scenario,timestep,15min,15min,15min,15min
scenario,sim_duration,50,50,50,50
scenario,prj_duration,25,25,25,25
scenario,compensate_sim_prj,True,True,True,True
scenario,strategy,go,go,go,rh
scenario,len_ph,None,None,None,48
scenario,len_ch,None,None,None,12
scenario,truncate_ph,True,True,True,True
scenario,invest_max,1e6,1e6,1e6,1e6
scenario,wacc,0.09,0.09,0.09,0.09
scenario,currency,USD,USD,USD,USD
scenario,latitude,48.2652,48.2652,48.2652,48.2652
scenario,longitude,11.6686,11.6686,11.6686,11.6686
scenario,temp_air,temperature_air.csv,temperature_air.csv,pv,pv
scenario,cost_eps,1.00E-8,1.00E-8,1.00E-8,1.00E-8
scenario,blocks,"{'grid': 'GridConnection', 'ess': 'StationaryBattery', 'dem': 'FixedDemand', 'pv': 'PVSource', 'wind': 'WindSource', 'gen': 'ControllableSource', 'vehicles': 'Fleet'}","{'dem': 'FixedDemand', 'grid': 'GridConnection', 'vehicles': 'Fleet', 'brs': 'Fleet'}","{'dem': 'FixedDemand', 'grid': 'GridConnection', 'pv': 'PVSource', 'wind': 'WindSource', 'ess': 'StationaryBattery', 'vehicles': 'Fleet', 'brs': 'Fleet'}","{'dem': 'FixedDemand', 'grid': 'GridConnection', 'pv': 'PVSource', 'wind': 'WindSource', 'ess': 'StationaryBattery', 'vehicles': 'Fleet', 'brs': 'Fleet'}"
core,size_preexisting_acdc,10000,0,0,55000
core,capex_preexisting_acdc,True,True,True,True
core,size_max_acdc,None,None,None,None
core,invest_acdc,False,True,True,False
core,size_preexisting_dcac,12000,equal,equal,equal
core,capex_preexisting_dcac,True,True,True,True
core,size_max_dcac,equal,equal,equal,equal
core,invest_dcac,False,equal,equal,equal
core,capex_spec,0.08,0.08,0.08,0.08
core,mntex_spec,0.0024,0.0024,0.0024,0.0024
core,opex_spec,0,0,0,0
core,ls,20,20,20,20
core,ccr,1,1,1,1
core,eff_dcac,0.95,0.95,0.95,0.95
core,eff_acdc,0.95,0.95,0.95,0.95
dem,load_profile,dem_timeseries,dem_timeseries,dem_timeseries,dem_timeseries
dem,consumption_yrl,10e6,10e6,10e6,10e6
dem,system,ac,ac,ac,ac
dem,crev_spec,3e-05,3e-05,3e-05,3e-05
wind,size_preexisting,5000,0,0,10000
wind,capex_preexisting,True,True,True,True
wind,size_max,None,None,None,None
wind,invest,False,True,True,False
wind,system,ac,ac,ac,ac
wind,data_source,file,None,pv,pv
wind,height,50,50,50,50
wind,filename,wind_timeseries,wind_timeseries,wind_timeseries,wind_timeseries
wind,capex_spec,2.8,2.8,2.8,2.8
wind,mntex_spec,0.084,0.084,0.084,0.084
wind,opex_spec,0,0,0,0
wind,ls,20,20,20,20
wind,ccr,1,1,1,1
wind,eff_block,0.95,0.95,0.95,0.95
pv,size_preexisting,15000,0,0,26000
pv,capex_preexisting,True,True,True,True
pv,size_max,None,None,None,None
pv,invest,False,True,True,False
pv,data_source,PVGIS API,PVGIS API,PVGIS API,PVGIS API
pv,filename,pvgis_api_params,pvgis_api_params,pvgis_api_params,pvgis_api_params
pv,system,dc,dc,dc,dc
pv,capex_spec,0.5,0.5,0.5,0.5
pv,mntex_spec,0.01509,0.01509,0.01509,0.01509
pv,opex_spec,0,0,0,0
pv,ls,25,25,25,25
pv,ccr,1,1,1,1
pv,eff_block,0.95,0.95,0.95,0.95
gen,size_preexisting,100000,0,0,0
gen,capex_preexisting,True,True,True,True
gen,size_max,None,None,None,None
gen,invest,False,True,True,False
gen,system,ac,ac,ac,ac
gen,capex_spec,0.261,0.261,0.261,0.261
gen,mntex_spec,0.03,0.03,0.03,0.03
gen,opex_spec,0.0009,0.0009,0.0009,0.0009
gen,ls,10,10,10,10
gen,ccr,1,1,1,1
gen,eff_block,1,1,1,1
grid,size_preexisting_g2s,55000,0,0,43500
grid,capex_preexisting_g2s,True,True,True,True
grid,size_max_g2s,None,None,None,None
grid,invest_g2s,False,True,True,False
grid,size_preexisting_s2g,equal,equal,equal,equal
grid,capex_preexisting_s2g,True,True,True,True
grid,size_max_s2g,equal,equal,equal,equal
grid,invest_s2g,False,equal,equal,equal
grid,system,ac,ac,ac,ac
grid,peakshaving,False,False,False,False
grid,peak_period,year,year,year,year
grid,peak_power_init,0,0,0,0
grid,opex_spec_peak,0,0,0,0
grid,capex_spec,0.1,0.1,0.1,0.1
grid,mntex_spec,0,0,0,0
grid,ls,10,10,10,10
grid,ccr,1,1,1,1
grid,eff_block,1,1,1,1
grid,markets,"['dynamic', 'pv_feedin']","['dynamic', 'pv_feedin']","['dynamic', 'pv_feedin']","['dynamic', 'pv_feedin']"
dynamic,res_only,False,False,False,False
dynamic,opex_spec_g2s,grid_opex_g2s,grid_opex_g2s,grid_opex_g2s,grid_opex_g2s
dynamic,opex_spec_s2g,grid_opex_s2g,grid_opex_s2g,grid_opex_s2g,grid_opex_s2g
dynamic,pwr_g2s,30000,30000,30000,30000
dynamic,pwr_s2g,30000,30000,30000,30000
pv_feedin,res_only,True,True,True,True
pv_feedin,opex_spec_g2s,0,0,0,0
pv_feedin,opex_spec_s2g,5e-5,5e-5,5e-5,5e-5
pv_feedin,pwr_g2s,0,0,0,0
pv_feedin,pwr_s2g,55000,55000,55000,55000
ess,size_preexisting,22000,0,0,10000
ess,capex_preexisting,True,True,True,True
ess,size_max,None,None,None,None
ess,invest,False,True,True,False
ess,system,dc,dc,dc,dc
ess,res_only,False,False,False,False
ess,aging,True,True,True,True
ess,chemistry,lfp,lfp,lfp,lfp
ess,temp_battery,25,25,pv,pv
ess,capex_spec,0.25,0.25,0.25,0.25
ess,mntex_spec,0.00625,0.00625,0.00625,0.00625
ess,opex_spec,0,0,0,0
ess,ls,10,10,10,10
ess,eff_roundtrip,0.9,0.9,0.9,0.9
ess,eff_acdc,0.95,0.95,0.95,0.95
ess,eff_dcac,0.95,0.95,0.95,0.95
ess,crate_chg,0.8,0.8,0.8,0.8
ess,crate_dis,0.8,0.8,0.8,0.8
ess,soc_init,0,0,0,0
ess,q_loss_cal_init,0,0,0,0
ess,q_loss_cyc_init,0,0,0,0
ess,sdr,0.02,0.02,0.02,0.02
ess,ccr,1,1,1,1
vehicles,subfleets,['icev'],"['icev', 'bev']","['icev', 'bev']","['icev', 'bev']"
vehicles,system,ac,ac,ac,ac
vehicles,size_preexisting_f2s,43000,None,None,None
vehicles,size_preexisting_s2f,43000,None,None,None
vehicles,opex_spec_f2s,0,0,0,0
vehicles,opex_spec_s2f,0,0,0,0
bev,num,5,5,5,5
bev,type_unit,ev,ev,ev,ev
bev,data_source,usecases,usecases,usecases,usecases
bev,filename,vehicle_usecases,vehicle_usecases,vehicle_usecases,vehicle_usecases
bev,filename_mapper,mtf,mtf,mtf,mtf
bev,capex_preexisting,True,True,True,True
bev,capex_fix_glider,25000,25000,25000,25000
bev,capex_fix_charger,1500,1500,1500,1500
bev,ccr,1,1,1,1
bev,ls,10,10,10,10
bev,mntex_fix_glider,500,500,500,500
bev,opex_spec_dist,0.3,0.3,0.3,0.3
bev,crev_spec_time,0.1,0.1,0.1,0.1
bev,crev_spec_dist,0.2,0.2,0.2,0.2
bev,opex_spec_ext_ac,49e-5,49e-5,49e-5,49e-5
bev,opex_spec_ext_dc,79e-5,79e-5,79e-5,79e-5
bev,invest,False,False,False,False
bev,size_preexisting,18000,18000,18000,18000
bev,size_max,None,None,None,None
bev,capex_spec,0.3,0.3,0.3,0.3
bev,rex,mb,mb,mb,mb
bev,mode_scheduling,oc,oc,oc,oc
bev,forecast_hours,None,None,None,None
bev,aging,True,True,True,True
bev,chemistry,nmc,nmc,nmc,nmc
bev,temp_battery,None,None,None,None
bev,q_loss_cal_init,0,0,0,0
bev,q_loss_cyc_init,0,0,0,0
bev,soc_init,0.5,0.5,0.5,0.5
bev,soc_target,0.95,0.95,0.95,0.95
bev,soc_return,0.1,0.1,0.1,0.1
bev,dsoc_buffer,0.05,0.05,0.05,0.05
bev,pwr_chg_max,11000,11000,11000,11000
bev,pwr_dis_max,11000,11000,11000,11000
bev,pwr_ext_ac_max,11000,11000,11000,11000
bev,pwr_ext_dc_max,100000,100000,100000,100000
bev,eff_storage_roundtrip,0.95,0.95,0.95,0.95
bev,eff_chg_ac,0.95,0.95,0.95,0.95
bev,eff_chg_dc,0.95,0.95,0.95,0.95
bev,eff_dis_ac,0.95,0.95,0.95,0.95
bev,eff_dis_dc,0.95,0.95,0.95,0.95
bev,sdr,0.02,0.02,0.02,0.02
icev,num,5,5,5,5
icev,type_unit,icev,icev,icev,icev
icev,data_source,usecases,usecases,usecases,usecases
icev,filename,vehicle_usecases,vehicle_usecases,vehicle_usecases,vehicle_usecases
icev,filename_mapper,mtf,mtf,mtf,mtf
icev,capex_preexisting,True,True,True,True
icev,capex_fix_glider,25000,25000,25000,25000
icev,capex_fix_charger,1500,1500,1500,1500
icev,ccr,1,1,1,1
icev,ls,10,10,10,10
icev,mntex_fix_glider,500,500,500,500
icev,opex_spec_dist,0.3,0.3,0.3,0.3
icev,crev_spec_time,0.1,0.1,0.1,0.1
icev,crev_spec_dist,0.2,0.2,0.2,0.2
brs,subfleets,['mb'],['mb'],['mb'],['mb']
brs,system,ac,ac,ac,ac
brs,size_preexisting_f2s,43000,None,None,None
brs,size_preexisting_s2f,43000,None,None,None
brs,opex_spec_f2s,0,0,0,0
brs,opex_spec_s2f,0,0,0,0
mb,num,5,5,5,5
mb,type_unit,mb,mb,mb,mb
mb,data_source,usecases,usecases,usecases,usecases
mb,filename,brs_usecases,brs_usecases,brs_usecases,brs_usecases
mb,filename_mapper,mtf,mtf,mtf,mtf
mb,capex_preexisting,True,True,True,True
mb,capex_fix_glider,500,500,500,500
mb,capex_fix_charger,200,200,200,200
mb,ccr,1,1,1,1
mb,ls,10,10,10,10
mb,mntex_fix_glider,30,30,30,30
mb,opex_spec_dist,0,0,0,0
mb,crev_spec_time,0.1,0.1,0.1,0.1
mb,crev_spec_dist,0,0,0,0
mb,opex_spec_ext_ac,0,0,0,0
mb,opex_spec_ext_dc,0,0,0,0
mb,invest,False,False,False,False
mb,size_preexisting,3000,3000,3000,3000
mb,size_max,None,None,None,None
mb,capex_spec,0.3,0.3,0.3,0.3
mb,rex,None,None,None,None
mb,mode_scheduling,oc,oc,oc,oc
mb,forecast_hours,None,None,None,None
mb,aging,True,True,True,True
mb,chemistry,nmc,nmc,nmc,nmc
mb,temp_battery,None,None,None,None
mb,q_loss_cal_init,0,0,0,0
mb,q_loss_cyc_init,0,0,0,0
mb,soc_init,1,1,1,1
mb,soc_target,0.95,0.95,0.95,0.95
mb,soc_return,0.1,0.1,0.1,0.1
mb,dsoc_buffer,0.05,0.05,0.05,0.05
mb,pwr_chg_max,1500,1500,1500,1500
mb,pwr_dis_max,1500,1500,1500,1500
mb,pwr_ext_ac_max,0,0,0,0
mb,pwr_ext_dc_max,0,0,0,0
mb,eff_storage_roundtrip,0.95,0.95,0.95,0.95
mb,eff_chg_ac,0.95,0.95,0.95,0.95
mb,eff_chg_dc,0.95,0.95,0.95,0.95
mb,eff_dis_ac,0.95,0.95,0.95,0.95
mb,eff_dis_dc,0.95,0.95,0.95,0.95
mb,sdr,0.02,0.02,0.02,0.02